FPGA_temperature	ADC_1.0V	ADC_1.0V_AVCC	ADC_1.2V_AVTT	ADC_1.8V	ADC_1.5V	ADC_2.5V	ADC_RSSI1	ADC_RSSI2	FEAST1_I	FEAST2_I	FEAST3_I	FEAST4_I	FEAST5_I	U2_TEMP	U3_TMEP	U22_TEMP	U8_TEMP	CURR_MIR_CAL	SCA_TEMP
44.418231	0.974847	0.990476	1.211233	1.889133	1.548230	2.465446	374.542125	329.487179	1.181929	1.655678	0.600733	0.547009	0.996337	31.849644	33.184863	29.769785	33.270895	94.993895	33.459776	
